[
  {
    "id": 1,
    "article": "100000",
    "name": "Стейк на гриле с травами и овощами",
    "description": "250 г. Сочная говяжья вырезка на гриле с розмарином и тимьяном, запеченные кабачки, баклажаны и томаты черри. Подается с соусом песто.",
    "price": 1890,
    "image": "i3.webp",
    "category": "hot_meals",
    "byWeight": false,
    "hidden": false,
    "minQuantity": 1
  },
  {
    "id": 2,
    "article": "100001",
    "name": "Лосось в травах под лимонно-укропным соусом",
    "description": "300 г. Филе лосося в хрустящей корочке из петрушки и укропа, картофельное пюре, лимонно-укропный соус на основе греческого йогурта.",
    "price": 1450,
    "image": "i23.webp",
    "category": "hot_meals",
    "byWeight": false,
    "hidden": false,
    "minQuantity": 1
  },
  {
    "id": 3,
    "article": "100002",
    "name": "Курица-гриль в чугунной сковороде",
    "description": "400 г. Куриные бедра с цукини, болгарским перцем и томатами черри, обжаренные с чесноком и прованскими травами.",
    "price": 950,
    "image": "i12.webp",
    "category": "hot_meals",
    "byWeight": false,
    "hidden": false,
    "minQuantity": 1
  },
  {
    "id": 4,
    "article": "100003",
    "name": "Брускетта и мясная нарезка",
    "description": "350 г. 4 брускетты с томатами, базиликом и моцареллой, нарезка прошутто и салями, оливки, каперсы.",
    "price": 780,
    "image": "i9.webp",
    "category": "appetizers",
    "byWeight": false,
    "hidden": false,
    "minQuantity": 1
  },
  {
    "id": 5,
    "article": "100004",
    "name": "Тарталетки с морепродуктами",
    "description": "180 г. 3 тарталетки: с крабом и авокадо, креветками и сливочным сыром, лососем и укропом.",
    "price": 650,
    "image": "i20.webp",
    "category": "appetizers",
    "byWeight": false,
    "hidden": false,
    "minQuantity": 1
  },
  {
    "id": 6,
    "article": "100005",
    "name": "Борд с соусами и хлебными палочками",
    "description": "300 г. Гуакамоле, хумус с кунжутом, трюфельный сыр, хлебные палочки, чиабатта.",
    "price": 590,
    "image": "i18.webp",
    "category": "appetizers",
    "byWeight": false,
    "hidden": false,
    "minQuantity": 1
  },
  {
    "id": 7,
    "article": "100006",
    "name": "Крем-суп из тыквы",
    "description": "300 мл. Нежный суп-пюре с тыквой, сливками и имбирем, тыквенные семечки, трюфельное масло.",
    "price": 450,
    "image": "i8.webp",
    "category": "soups",
    "byWeight": false,
    "hidden": false,
    "minQuantity": 1
  },
  {
    "id": 8,
    "article": "100007",
    "name": "Гуляш по-венгерски",
    "description": "350 мл. Насыщенный суп с говядиной, картофелем, паприкой и болгарским перцем, сметана, свежая зелень.",
    "price": 480,
    "image": "i14.webp",
    "category": "soups",
    "byWeight": false,
    "hidden": false,
    "minQuantity": 1
  },
  {
    "id": 9,
    "article": "100008",
    "name": "Азиатский суп с креветками",
    "description": "400 мл. Прозрачный бульон с лапшой удон, тигровыми креветками, грибами шиитаке, кинзой и лаймом.",
    "price": 520,
    "image": "i17.webp",
    "category": "soups",
    "byWeight": false,
    "hidden": false,
    "minQuantity": 1
  },
  {
    "id": 10,
    "article": "100009",
    "name": "Пицца «Маргарита»",
    "description": "30 см. Тонкое тесто, соус из Сан-Марцано, моцарелла, свежий базилик, оливковое масло.",
    "price": 690,
    "image": "i4.webp",
    "category": "pizza",
    "byWeight": false,
    "hidden": false,
    "minQuantity": 1
  },
  {
    "id": 11,
    "article": "100010",
    "name": "Пицца «Прошутто э Рукола»",
    "description": "30 см. Тонкое тесто, томатный соус, моцарелла, прошутто, руккола, пармезан, бальзамический крем.",
    "price": 850,
    "image": "i15.webp",
    "category": "pizza",
    "byWeight": false,
    "hidden": false,
    "minQuantity": 1
  },
  {
    "id": 12,
    "article": "100011",
    "name": "Пицца «Пепперони»",
    "description": "30 см. Тонкое тесто, томатный соус, двойная моцарелла, острая пепперони, орегано.",
    "price": 750,
    "image": "i19.webp",
    "category": "pizza",
    "byWeight": false,
    "hidden": false,
    "minQuantity": 1
  },
  {
    "id": 13,
    "article": "100012",
    "name": "Шоколадный торт с ягодами",
    "description": "150 г. Влажный шоколадный бисквит, ягодный компот из малины и смородины, свежая мята, шоколадная глазурь.",
    "price": 420,
    "image": "i5.webp",
    "category": "desserts",
    "byWeight": false,
    "hidden": false,
    "minQuantity": 1
  },
  {
    "id": 14,
    "article": "100013",
    "name": "Панна-котта с малиной",
    "description": "120 г. Две нежные сливочные панна-котты с ванилью, малиновый кули, свежие ягоды, листики мяты.",
    "price": 380,
    "image": "i24.webp",
    "category": "desserts",
    "byWeight": false,
    "hidden": false,
    "minQuantity": 1
  },
  {
    "id": 15,
    "article": "100014",
    "name": "Теплый яблочный крамбл",
    "description": "180 г. Яблоки с корицей, овсяно-ореховая крошка, ванильное мороженое, карамельный соус.",
    "price": 350,
    "image": "i21.webp",
    "category": "desserts",
    "byWeight": false,
    "hidden": false,
    "minQuantity": 1
  },
  {
    "id": 16,
    "article": "100015",
    "name": "Крафтовое пиво",
    "description": "0.5 л. Пшеничное нефильтрованное пиво с цитрусовыми нотами, охмеленное.",
    "price": 390,
    "image": "i7.webp",
    "category": "drinks",
    "byWeight": false,
    "hidden": false,
    "minQuantity": 1
  },
  {
    "id": 17,
    "article": "100016",
    "name": "Мохито",
    "description": "0.4 л. Белый ром, свежая мята, лайм, тростниковый сахар, содовая, дробленый лед.",
    "price": 550,
    "image": "i16.webp",
    "category": "drinks",
    "byWeight": false,
    "hidden": false,
    "minQuantity": 1
  },
  {
    "id": 18,
    "article": "100017",
    "name": "Горячий шоколад",
    "description": "0.3 л. Густой напиток из черного шоколада, взбитые сливки, зефир, какао-порошок.",
    "price": 320,
    "image": "i13.webp",
    "category": "drinks",
    "byWeight": false,
    "hidden": false,
    "minQuantity": 1
  },
  {
    "id": 19,
    "article": "100018",
    "name": "Попкорн с трюфелем и орехи",
    "description": "150 г. Воздушный попкорн с трюфельным маслом и пармезаном, микс обжаренных орехов: миндаль, кешью, грецкий орех.",
    "price": 290,
    "image": "i1.webp",
    "category": "snacks",
    "byWeight": false,
    "hidden": false,
    "minQuantity": 1
  },
  {
    "id": 20,
    "article": "100019",
    "name": "Луковые кольца",
    "description": "200 г. Хрустящие кольца в пивном кляре, фирменный соус барбекю, свежая зелень.",
    "price": 330,
    "image": "i11.webp",
    "category": "snacks",
    "byWeight": false,
    "hidden": false,
    "minQuantity": 1
  },
  {
    "id": 21,
    "article": "100020",
    "name": "Картофель фри из батата",
    "description": "180 г. Сладкий картофель с паприкой и чесноком, соус айоли, петрушка.",
    "price": 310,
    "image": "i22.webp",
    "category": "snacks",
    "byWeight": false,
    "hidden": false,
    "minQuantity": 1
  }
]