[
  {
    "id": 1,
    "title": "Каждый пятый кофе в подарок!",
    "description": "Заведите кофейную карту лояльности! За каждые 4 купленных кофе мы ставим печать. Пятый кофе - наш подарок вам! Выбирайте любой напиток из кофейной карты: ароматный капучино, нежный латте или бодрящий раф. Наслаждайтесь любимым вкусом и получайте заслуженную награду!",
    "image": "i10.webp"
  },
  {
    "id": 2,
    "title": "Банкетные будни со скидкой 15%",
    "description": "Проведите ваш праздник с особенным комфортом и выгодой! При бронировании банкетного зала с понедельника по четверг мы дарим скидку 15% на всё меню. Идеальное решение для корпоративных мероприятий, семейных торжеств и дружеских встреч. Профессиональное обслуживание, изысканные блюда и специальные условия ждут вас!",
    "image": "i2.webp"
  }
]